#,Bedroom Aids & Safety,Price,Rating,Link,Top Review
1,Medline Tool-Free Bed Assist Bar with storage bag,$29.88,4.4/5.0,https://www.walmart.com/ip/Medline-Tool-Free-Bed-Assist-Bar-with-storage-bag/21782273,blank
2,Drive Medical Adjustable Height Home Bed Assist Hand  ...,$27.83,4.6/5.0,https://www.walmart.com/ip/Drive-Medical-Adjustable-Height-Home-Bed-Assist-Handle/17351608,blank
3,Carex Adjustable Overbed Table with Large Surface,$96.57,3.0/5.0,https://www.walmart.com/ip/Carex-Adjustable-Overbed-Table-with-Large-Surface/6537518,blank
4,Height Adjustable Hand Bed Rail for Home Beds,$51.31 - $62.30,4.5/5.0,https://www.walmart.com/ip/Height-Adjustable-Hand-Bed-Rail-for-Home-Beds/35306101,blank
5,"Jobar International Ideaworks  Safety Grip Handle, 1  ...",$10.97,4.7/5.0,https://www.walmart.com/ip/Jobar-International-Ideaworks-Safety-Grip-Handle-1-ea/15414906?wpa_bd=&wpa_pg_seller_id=DABA61A51AA444798605B2E5391AF8EA&wpa_ref_id=625ce1a9431556baccde9f92b6c1666c&wpa_aux_info=__aux_info__&wpa_tag=&wpa_pos=5&wpa_plmt=__plmt__&wpa_aduid=__aduid__,blank
6,Drive Medical Non Tilt Top Overbed Table,$47.42 - $52.66,4.2/5.0,https://www.walmart.com/ip/Drive-Medical-Non-Tilt-Top-Overbed-Table/15935794,blank
7,Carex Washable Bed Pad - 1 CT1.0 CT,$7.69,4.3/5.0,https://www.walmart.com/ip/Carex-Washable-Bed-Pad-1-CT1-0-CT/46396692,blank
8,DMI Ortho Bed Wedge Elevating Leg Rest Cushion Pillo  ...,$18.99,4.5/5.0,https://www.walmart.com/ip/DMI-Ortho-Bed-Wedge-Elevating-Leg-Rest-Cushion-Pillow-8-x-20-x-24-Blue/7079356,blank
9,"Folding Foam Bed Wedge, 7.5",$36.26 - $38.33,4.8/5.0,https://www.walmart.com/ip/Folding-Foam-Bed-Wedge-7-5/35317939,blank
10,Drive Medical Med Aire Alternating Pressure Pump and  ...,$51.39 - $63.61,4.7/5.0,https://www.walmart.com/ip/Drive-Medical-Med-Aire-Alternating-Pressure-Pump-and-Pad-System-Variable-Pressure/14692322,blank
11,Silver Spring Adjustable Essential Overbed Table,$40.99,4.5/5.0,https://www.walmart.com/ip/Silver-Spring-Adjustable-Essential-Overbed-Table/356413263,blank
12,Able Life Bedside Mighty Rail,$39.00,2.6/5.0,https://www.walmart.com/ip/Able-Life-Bedside-Mighty-Rail/15751849,blank
13,Stander EZ Adjust Home Bed Rail -Length Adjustable a  ...,$99.00,4.3/5.0,https://www.walmart.com/ip/Stander-EZ-Adjust-Home-Bed-Rail-Length-Adjustable-and-Folding-Rail-Black/6372781,blank
14,Able Life Bedside Extend-A-Rail - Adjustable Length   ...,$79.00,4.2/5.0,https://www.walmart.com/ip/Able-Life-Bedside-Extend-A-Rail-Adjustable-Length-Adult-Home-Bed-Rail-and-Stand-Support-Handle-Included-Safety-Strap/39992211,blank
15,Deluxe Hand Bed Rail with Floor Support,$45.99 - $67.36,4.3/5.0,https://www.walmart.com/ip/Deluxe-Hand-Bed-Rail-with-Floor-Support/35391467,blank
16,Carex Easy-Up Bed Rail Support,$60.16,3.3/5.0,https://www.walmart.com/ip/Carex-Easy-Up-Bed-Rail-Support/14673411,blank
17,Drive Medical Air Mattress Overlay Support Surface,$25.54,4.3/5.0,https://www.walmart.com/ip/Drive-Medical-Air-Mattress-Overlay-Support-Surface/17351566,blank
18,Transfer Board DMI® 440 lbs. Maple Maple Plywood,$23.79,3.0/5.0,https://www.walmart.com/ip/Transfer-Board-DMI-440-lbs-Maple-Maple-Plywood/32427492,blank
19,Memory Foam Waist Pillow Slow Rebound Lumbar Pillow   ...,$15.95,4.6/5.0,https://www.walmart.com/ip/Memory-Foam-Waist-Pillow-Slow-Rebound-Lumbar-Pillow-Cushion-Office-Car-Waist-Cushion-Relieve-Fatigue-Pressure/10105197,blank
20,"Carex Health Brands Carex  Seat Cushion, 1 ea",$26.88,4.7/5.0,https://www.walmart.com/ip/Carex-Health-Brands-Carex-Seat-Cushion-1-ea/10105194,blank
21,Full Electric Hospital Bed Package (Invacare Full El  ...,$865.00,4.6/5.0,https://www.walmart.com/ip/Full-Electric-Hospital-Bed-Package-Invacare-Full-Electric-Home-Hospital-Bed-Package-w-Foam-Mattress-Half-Rail-Set/456703463,blank
22,Stander CarCaddie - Adjustable Vehicle Support Handl  ...,$12.99,4.3/5.0,https://www.walmart.com/ip/Stander-CarCaddie-Adjustable-Vehicle-Support-Handle/6372788,blank
23,Automatic Adjustable Overbed Table with Woodgrain To  ...,$72.00,4.8/5.0,https://www.walmart.com/ip/Automatic-Adjustable-Overbed-Table-with-Woodgrain-Top/35294540,blank
24,Drive Medical 3 Position Geri Chair Recliner,$404.40 - $480.28,4.6/5.0,https://www.walmart.com/ip/Drive-Medical-3-Position-Geri-Chair-Recliner/17284758,blank
25,Lumex Versa-Helper Trapeze Versa-Helper Trapeze,$106.99,4.4/5.0,https://www.walmart.com/ip/Lumex-Versa-Helper-Trapeze-Versa-Helper-Trapeze/51539384,blank
26,"Stander 30"" Home Safety Bed Rail + Swing Down Assist  ...",$89.00,0.0/5.0,https://www.walmart.com/ip/Stander-30-Home-Safety-Bed-Rail-Swing-Down-Assist-Handle-with-Included-Safety-Strap/6372787,blank
27,Able Life Bedside Sturdy Rail Elderly Home Bed Handl  ...,$54.00,3.0/5.0,https://www.walmart.com/ip/Able-Life-Bedside-Sturdy-Rail-Elderly-Home-Bed-Handle-with-Adjustable-Legs-and-Organizer-Pouch/39992214,blank
28,Drive Medical Plastic Tub Transfer Bench with Adjust  ...,$57.88,4.6/5.0,https://www.walmart.com/ip/Drive-Medical-Plastic-Tub-Transfer-Bench-with-Adjustable-Backrest/17284709,blank
29,Drive Medical Home Bed Assist Grab Rail,$38.31,4.3/5.0,https://www.walmart.com/ip/Drive-Medical-Home-Bed-Assist-Grab-Rail/15935796,blank
30,Stander BedCane – Height Adjustable Home Assist Bed   ...,$69.00,5.0/5.0,https://www.walmart.com/ip/Stander-BedCane-Height-Adjustable-Home-Assist-Bed-Rail-Support-Handle/6372782,blank
31,Milliard Foam Leg Elevator Cushion/Support and Leg E  ...,$42.99,4.5/5.0,https://www.walmart.com/ip/Milliard-Foam-Leg-Elevator-Cushion-Support-and-Leg-Elevation-Pillow-with-Washable-Cover-for-Surgery-Injury-or-Rest/168932881,blank
32,Able Life Able Tray - Bamboo Swivel TV Tray & Laptop  ...,$149.00,4.6/5.0,https://www.walmart.com/ip/Able-Life-Able-Tray-Bamboo-Swivel-TV-Tray-Laptop-Tray-Table-with-Safety-Support-Handle/49909427,blank
33,Stander Mobility Home Bed Rail - Adjustable Swing-ou  ...,$99.00,0.0/5.0,https://www.walmart.com/ip/Stander-Mobility-Home-Bed-Rail-Adjustable-Swing-out-Hand-Rail-Pouch/15751914,blank
34,"LogicMark Freedom Alert Emergency Alert System, 1ct",$259.95,4.0/5.0,https://www.walmart.com/ip/LogicMark-Freedom-Alert-Emergency-Alert-System-1ct/15935639,blank
35,HILL-ROM TOTAL CARE Spo2rt  HOSPITAL BED WITH ROTATI  ...,"$2,390.00",4.1/5.0,https://www.walmart.com/ip/HILL-ROM-TOTAL-CARE-Spo2rt-HOSPITAL-BED-WITH-ROTATION-AND-VIBRATION/551499427,blank
36,Structures Hook-In Bed Rail System with Center Bar S  ...,$43.99 - $47.99,3.5/5.0,https://www.walmart.com/ip/Structures-Hook-In-Bed-Rail-System-with-Center-Bar-Support/54716229,blank
37,"""Lumex Stand Assist Non-Powered Stand Assist""",$529.99,4.1/5.0,https://www.walmart.com/ip/Lumex-Stand-Assist-Non-Powered-Stand-Assist/51499697,blank
38,Medline Transfer Bench with Back & Microban,$69.99,4.6/5.0,https://www.walmart.com/ip/Medline-Transfer-Bench-with-Back-Microban/37617767,blank
39,Full Electric Hospital Bed Package (Full Electric Ho  ...,$865.00,4.0/5.0,https://www.walmart.com/ip/Full-Electric-Hospital-Bed-Package-Full-Electric-Home-Hospital-Bed-Package-w-Foam-Mattress-Half-Rails/503553450,blank
40,DMI Waterproof Mattress Protector Incontinence Bed P  ...,$14.10,4.6/5.0,https://www.walmart.com/ip/DMI-Waterproof-Mattress-Protector-Incontinence-Bed-Pad-Cover-Washable-Underpad-for-Kids-Standard-30-in-L-x-36-in-W/7079359,blank
