#,Incontinence,Price,Rating,Link,Top Review
1,"Tena Incontinence Pads For Women, Ultimate (Choose Your Count)",$5.42 - $11.47,4.4/5.0,https://www.walmart.com/ip/Tena-Incontinence-Pads-For-Women-Ultimate-Choose-Your-Count/779969949,blank
2,"Depend Incontinence Guards for Men, Maximum Absorben  ...",$11.68 - $24.56,4.6/5.0,https://www.walmart.com/ip/Depend-Incontinence-Guards-for-Men-Maximum-Absorbency-Choose-Your-Count/55335888,blank
3,"Always Discreet Incontinence Underwear, Extra-Large   ...",$18.99,3.0/5.0,https://www.walmart.com/ip/Always-Discreet-Incontinence-Underwear-for-Women-Maximum-Protection-XL-26-Count/37892503,blank
4,"Depend Real Fit Incontinence Underwear for Men, Maxi  ...",$11.97 - $46.49,4.5/5.0,https://www.walmart.com/ip/Depend-Real-Fit-Incontinence-Underwear-for-Men-Maximum-Absorbency-S-M-Grey-Choose-your-count/19763612?wpa_bd=&wpa_pg_seller_id=F55CDC31AB754BB68FE0B39041159D63&wpa_ref_id=eb9cc7bf72d11a696928f48c7a0e6dde&wpa_aux_info=__aux_info__&wpa_tag=&wpa_pos=3&wpa_plmt=__plmt__&wpa_aduid=__aduid__,blank
5,"Always Discreet Boutique, Incontinence Underwear for  ...",$18.94 - $43.16,4.7/5.0,https://www.walmart.com/ip/Always-Discreet-Boutique-Incontinence-Underwear-for-Women-Maximum-Protection-Peach-Large-18-Count/384365380,blank
6,"U by Kotex CleanWear Ultra Thin Pads with Wings, Reg  ...",$6.71 - $9.27,4.2/5.0,https://www.walmart.com/ip/U-by-Kotex-CleanWear-Ultra-Thin-Pads-with-Wings-Regular-Unscented-Choose-your-Count/39365747?wpa_bd=&wpa_pg_seller_id=F55CDC31AB754BB68FE0B39041159D63&wpa_ref_id=1bf2cbe59db5613aef15b5c6a8d984b5&wpa_aux_info=__aux_info__&wpa_tag=&wpa_pos=5&wpa_plmt=__plmt__&wpa_aduid=__aduid__,blank
7,"Depend FIT-FLEX Incontinence Underwear for Women, Ma  ...",$17.76 - $35.49,4.3/5.0,https://www.walmart.com/ip/Depend-FIT-FLEX-Incontinence-Underwear-for-Women-Maximum-L-Choose-Your-Count/34317530,blank
8,"Assurance Incontinence Underwear for Women, Maximum,  ...",$3.78 - $21.62,4.5/5.0,https://www.walmart.com/ip/Assurance-Incontinence-Underwear-for-Women-Maximum-L-18-Ct/894201,blank
9,"Depend Incontinence Bed Protectors, Disposable Under  ...",$11.97,4.8/5.0,https://www.walmart.com/ip/Depend-Incontinence-Bed-Protectors-Disposable-Underpad-Overnight-Absorbency-12-Count/150740158,blank
10,"Tena Incontinence Pads for Women, Overnight, 90 Coun  ...",$11.47 - $33.98,4.7/5.0,https://www.walmart.com/ip/Tena-Incontinence-Pads-for-Women-Overnight-90-Count/471831766,blank
11,"Assurance Premium Extra-Large Disposable Washcloths,  ...",$6.97,4.5/5.0,https://www.walmart.com/ip/Assurance-Premium-Extra-Large-Disposable-Washcloths-XL-144-Ct/24360534,blank
12,"Tena Incontinence Pads For Women, Ultimate (Choose Y  ...",$5.42 - $11.47,2.6/5.0,https://www.walmart.com/ip/Tena-Incontinence-Pads-For-Women-Ultimate-Choose-Your-Count/779969949,blank
13,"Assurance Incontinence Underwear for Women, Maximum,  ...",$7.8857.0¢/each,4.3/5.0,https://www.walmart.com/ip/Assurance-Incontinence-Underwear-for-Women-Maximum-2XL-14-Ct/32272726,blank
14,"Equate Options Incontinence Pads for Women, Ultimate  ...",$14.34,4.2/5.0,https://www.walmart.com/ip/Equate-Options-Incontinence-Pads-for-Women-Ultimate-Long-45-Ct/24389829,blank
15,"Assurance Incontinence Underwear for Women, Maximum,  ...",$7.88 - $21.62,4.3/5.0,https://www.walmart.com/ip/Assurance-Incontinence-Underwear-for-Women-Maximum-XL-48-Ct/112376620,blank
16,"Assurance Incontinence Underwear for Women, Maximum,  ...",$21.6237.0¢/each,3.3/5.0,https://www.walmart.com/ip/Assurance-Incontinence-Underwear-for-Women-Maximum-S-M-60-Ct/28826870,blank
17,"Poise Incontinence Pads, Original Design, Ultimate A  ...",$11.28 - $24.87,4.3/5.0,https://www.walmart.com/ip/Poise-Incontinence-Pads-Original-Design-Ultimate-Absorbency-Long-60ct/37566050,blank
18,Assurance Incontinence Stretch Briefs With Tabs Unis  ...,$15.7450.0¢/each,3.0/5.0,https://www.walmart.com/ip/Assurance-Incontinence-Stretch-Briefs-With-Tabs-Unisex-Ultimate-L-XL-32-Ct/172161420,blank
19,"Equate Overnight Incontinence Pads for Women, Ultima  ...",$8.97,4.6/5.0,https://www.walmart.com/ip/Equate-Overnight-Incontinence-Pads-for-Women-Ultimate-30-Ct/36717960,blank
20,Assurance Incontinence Stretch Briefs With Tabs Unis  ...,$7.07 - $15.74,4.7/5.0,https://www.walmart.com/ip/Assurance-Incontinence-Stretch-Briefs-With-Tabs-Unisex-Ultimate-S-M-40-Ct/127273986,blank
21,Women's Maximum Assurance Fresh Lavender Color Under  ...,$15.7444.0¢/each,4.6/5.0,https://www.walmart.com/ip/Women-s-Maximum-Assurance-Fresh-Lavender-Color-Underwear-L-36-Ct/28848304,blank
22,"Depend Adjustable Underwear Maximum Absorbency, Larg  ...",$11.9775.0¢/each,4.3/5.0,https://www.walmart.com/ip/Depend-Adjustable-Underwear-Maximum-Absorbency-Large-Extra-Large-16-Count/8812399,blank
23,"Always Discreet Incontinence Pads for Women, Heavy A  ...",$18.9430.0¢/each,4.8/5.0,https://www.walmart.com/ip/Always-Discreet-Incontinence-Pads-for-Women-Heavy-Absorbency-Long-Length-64-Count/177231591,blank
24,"Tena Incontinence Underwear For Women, For Overnight  ...",$11.47,4.6/5.0,https://www.walmart.com/ip/Tena-Incontinence-Underwear-For-Women-For-Overnight-Xlarge-12-Count/49406245,blank
25,"Depend FIT-FLEX Incontinence Underwear for Women, Ma  ...",$17.7669.0¢/each,4.4/5.0,https://www.walmart.com/ip/Depend-FIT-FLEX-Incontinence-Underwear-for-Women-Maximum-Absorbency-XL-26-Ct/16532737,blank
26,"Equate Assurance Premium Quilted Underpad, XL, 30 Ct",$15.74,0.0/5.0,https://www.walmart.com/ip/Equate-Assurance-Premium-Quilted-Underpad-XL-30-Ct/167121557,blank
27,"Equate Options Incontinence Pads for Women, Moderate  ...",$8.9717.0¢/each,3.0/5.0,https://www.walmart.com/ip/Equate-Options-Incontinence-Pads-for-Women-Moderate-Long-54-Ct/21392506,blank
28,"Equate Assurance Premium Quilted Underpad, Large, 18  ...",$5.6832.0¢/each,4.6/5.0,https://www.walmart.com/ip/Equate-Assurance-Premium-Quilted-Underpad-Large-18-Ct/636352605,blank
29,"Equate Options Incontinence Pads for Women, Maximum,  ...",$14.34,4.3/5.0,https://www.walmart.com/ip/Equate-Options-Incontinence-Pads-for-Women-Maximum-Long-64-Ct/24389828,blank
30,Attends Discreet Day/Night Protective Underwear for   ...,$8.32 - $9.93,5.0/5.0,https://www.walmart.com/ip/Attends-Discreet-Day-Night-Protective-Underwear-for-Adult-Incontinence-Care-with-DermaDry-Technology-Unisex-Choose-Your-Size/20893972,blank
31,"Assurance Incontinence Underwear for Men, Maximum, S  ...",$4.71 - $15.74,4.5/5.0,https://www.walmart.com/ip/Assurance-Incontinence-Underwear-for-Men-Maximum-S-M-40-Ct/28848303,blank
32,"Assurance Incontinence Belted Shield Unisex, Moderat  ...",$9.8833.0¢/each,4.6/5.0,https://www.walmart.com/ip/Assurance-Incontinence-Belted-Shield-Unisex-Moderate-One-Size-30-Ct/11148237,blank
33,"Depend Real Fit Incontinence Underwear for Men, Maxi  ...",$11.97 - $54.99,0.0/5.0,https://www.walmart.com/ip/Depend-Real-Fit-Incontinence-Underwear-for-Men-Maximum-Absorbency-L-XL-Grey-Choose-your-count/34317527,blank
34,"Assurance Premium Extra-Large Disposable Washcloths,  ...",$5.87,4.0/5.0,https://www.walmart.com/ip/Assurance-Premium-Extra-Large-Disposable-Washcloths-96-Ct/42435905,blank
35,"Always Discreet Incontinence Pads for Women, Light A  ...",$4.8417.0¢/each,4.1/5.0,https://www.walmart.com/ip/Always-Discreet-Incontinence-Pads-for-Women-Light-Absorbency-30-Count/37892491,blank
36,"Poise Moderate Absorbency Incontinence Pads, Regular  ...",$11.8418.0¢/each,3.5/5.0,https://www.walmart.com/ip/Poise-Moderate-Absorbency-Incontinence-Pads-Regular-Length-66-ct/20682684,blank
37,"Assurance Guards for Men, Maximum, One Size Fits All  ...",$9.5419.0¢/each,4.1/5.0,https://www.walmart.com/ip/Assurance-Guards-for-Men-Maximum-One-Size-Fits-All-52-Ct/843897280,blank
38,Depend Night Defense Incontinence Overnight Underwea  ...,$11.9780.0¢/each,4.6/5.0,https://www.walmart.com/ip/Depend-Night-Defense-Incontinence-Overnight-Underwear-for-Women-M-15-Ct/693664532,blank
39,"Equate Body Curve Incontinence Pads for Women, Moder  ...",$8.97,4.0/5.0,https://www.walmart.com/ip/Equate-Body-Curve-Incontinence-Pads-for-Women-Moderate-Regular-54-Ct/24389830,blank
40,"Equate Options Incontinence Pads for Women, Maximum,  ...",$8.97,4.6/5.0,https://www.walmart.com/ip/Equate-Options-Incontinence-Pads-for-Women-Maximum-Long-39-Ct/24389831,blank
41,"Assurance Incontinence Underwear for Men, Maximum, L  ...",$7.8844.0¢/each,4.7/5.0,https://www.walmart.com/ip/Assurance-Incontinence-Underwear-for-Men-Maximum-L-XL-18-Ct/894200,blank
