#,Walkers & Rollators,Price,Rating,Link,Top Review
1,Drive Medical Deluxe Two Button Folding Walker with   ...,$28.39,4.4/5.0,https://www.walmart.com/ip/Drive-Medical-Deluxe-Two-Button-Folding-Walker-with-5-Wheels/40877930,blank
2,"Medline Steel Foldable Rollator Walker with 6"" Wheel  ...",$53.94,4.6/5.0,https://www.walmart.com/ip/Medline-Steel-Foldable-Rollator-Walker-with-6-Wheels-Green/40825479,blank
3,Drive Folding Walker Junior  Aluminum 350 lbs. 25 to  ...,$34.11,3.0/5.0,https://www.walmart.com/ip/Drive-Folding-Walker-Junior-Aluminum-350-lbs-25-to-32-25-Inch/344627765?wpa_bd=&wpa_pg_seller_id=DABA61A51AA444798605B2E5391AF8EA&wpa_ref_id=a052f5f506138e585066d829f82fd59e&wpa_aux_info=__aux_info__&wpa_tag=&wpa_pos=3&wpa_plmt=__plmt__&wpa_aduid=__aduid__,blank
4,"Equate Rolling Walker, Black",$89.00,4.5/5.0,https://www.walmart.com/ip/Equate-Rolling-Walker-Black/14179110,blank
5,"Medline Steel Rollator Walker, Burgundy, 350 lbs Cap  ...",$49.99,4.7/5.0,https://www.walmart.com/ip/Medline-Steel-Rollator-Walker-Burgundy-350-lbs-Capacity/37617768,blank
6,Medline Extra Wide Heavy Duty Rollator Walker,$109.99,4.2/5.0,https://www.walmart.com/ip/Medline-Extra-Wide-Heavy-Duty-Rollator-Walker/44608046,blank
7,"Medline Steel Foldable Rollator Walker with 8"" Wheel  ...",$73.35,4.3/5.0,https://www.walmart.com/ip/Medline-Steel-Foldable-Rollator-Walker-with-8-Wheels-Red/40824169,blank
8,"Medline Ultra Lightweight Rollator, Burgundy",$99.00,4.5/5.0,https://www.walmart.com/ip/Medline-Ultra-Lightweight-Rollator-Burgundy/7983648,blank
9,Carex Steel Rollator Walker with Seat and Backrest,$42.49,4.8/5.0,https://www.walmart.com/ip/Carex-Steel-Rollator-Walker-with-Seat-and-Backrest/48676819,blank
10,"Medline Empower Rollator, Blue",$129.00,4.7/5.0,https://www.walmart.com/ip/Medline-Empower-Rollator-Blue/45582397,blank
11,"Equate Folding Walker with Wheels, Black",$49.67,4.5/5.0,https://www.walmart.com/ip/Equate-Folding-Walker-with-Wheels-Black/14179124,blank
12,"Drive Medical Steel Rollator Rolling Walker with 8""   ...",$89.99,2.6/5.0,https://www.walmart.com/ip/Drive-Medical-Steel-Rollator-Rolling-Walker-with-8-Wheels/55151829,blank
13,Drive Medical Breast Cancer Awareness Adjustable Hei  ...,$76.90,4.3/5.0,https://www.walmart.com/ip/Drive-Medical-Breast-Cancer-Awareness-Adjustable-Height-Rollator-Rolling-Walker-Pink/32807356,blank
14,"Medline Combination Rollator/Transport Wheelchair, B  ...",$179.69,4.2/5.0,https://www.walmart.com/ip/Medline-Combination-Rollator-Transport-Wheelchair-Blue/13248453,blank
15,"Drive Medical Rollator Rolling Walker with 6"" Wheels",$60.29 - $68.49,4.3/5.0,https://www.walmart.com/ip/Drive-Medical-Rollator-Rolling-Walker-with-6-Wheels/40878879,blank
16,Walker Dual Button Release 300 Lb Adult  1/CS,$31.92,3.3/5.0,https://www.walmart.com/ip/Walker-Dual-Button-Release-300-Lb-Adult-1-CS/12518961,blank
17,Medline Deluxe Aluminum Foldable Rollator Walker wit  ...,$102.51,4.3/5.0,https://www.walmart.com/ip/Medline-Deluxe-Aluminum-Foldable-Rollator-Walker-with-8-Wheels-Blue/54736332,blank
18,Drive Medical Winnie Lite Supreme 3 Wheel Rollator W  ...,$72.99,3.0/5.0,https://www.walmart.com/ip/Drive-Medical-Winnie-Lite-Supreme-3-Wheel-Rollator-Walker/15423369,blank
19,Equate Steerable Knee Walker Scooter,$115.00,4.6/5.0,https://www.walmart.com/ip/Equate-Steerable-Knee-Walker-Scooter/128305573,blank
20,Carex Step 'N Rest Rolling Rollator Walker with Padd  ...,$86.10,4.7/5.0,https://www.walmart.com/ip/Carex-Step-N-Rest-Rolling-Rollator-Walker-with-Padded-Seat-and-Backrest/14668627,blank
21,Drive Medical Clever Lite LS Rollator Walker with Se  ...,$77.58,4.6/5.0,https://www.walmart.com/ip/Drive-Medical-Clever-Lite-LS-Rollator-Walker-with-Seat-and-Push-Down-Brakes/15423373,blank
22,Dual Release Folding Walker Universal driveâ„¢ Aluminu  ...,$30.60,4.3/5.0,https://www.walmart.com/ip/Dual-Release-Folding-Walker-Universal-drive-Aluminum-Frame-300-lbs-Weight-Capacity-28-3-4-to-38-1-2-Inch-Height/15423433,blank
23,Drive Medical 3 Wheel Rollator Rolling Walker with B  ...,$74.98 - $85.49,4.8/5.0,https://www.walmart.com/ip/Drive-Medical-3-Wheel-Rollator-Rolling-Walker-with-Basket-Tray-and-Pouch/17284830,blank
24,Drive Medical Two Wheeled Walker with Seat,$38.90 - $39.55,4.6/5.0,https://www.walmart.com/ip/Drive-Medical-Two-Wheeled-Walker-with-Seat/43224556,blank
25,"Drive Medical Rollator Rolling Walker with 6"" Wheels  ...",$61.68 - $77.99,4.4/5.0,https://www.walmart.com/ip/Drive-Medical-Rollator-Rolling-Walker-with-6-Wheels-Fold-Up-Removable-Back-Support-and-Padded-Seat/28585296,blank
26,"HealthSmart Gateway Aluminum Rollator, Titanium, 31""  ...",$82.98,0.0/5.0,https://www.walmart.com/ip/HealthSmart-Gateway-Aluminum-Rollator-Titanium-31-36-H-300-lb-Capacity/21382710,blank
27,Carex Trio 3 Wheel Rolling Walker Rollator,$70.25,3.0/5.0,https://www.walmart.com/ip/Carex-Trio-3-Wheel-Rolling-Walker-Rollator/17215626,blank
28,Drive Medical Nitro Euro Style Rollator Rolling Walk  ...,$226.56 - $254.73,4.6/5.0,https://www.walmart.com/ip/Drive-Medical-Nitro-Euro-Style-Rollator-Rolling-Walker/22356890,blank
29,Drive Medical Trigger Release Folding Walker,$39.30,4.3/5.0,https://www.walmart.com/ip/Drive-Medical-Trigger-Release-Folding-Walker/10740649,blank
30,Drive Medical DV8 Aluminum Steerable Knee Walker Kne  ...,$149.99,5.0/5.0,https://www.walmart.com/ip/Drive-Medical-DV8-Aluminum-Steerable-Knee-Walker-Knee-Scooter-Crutch-Alternative/15423445,blank
31,"Karman R-4700 Heavy Duty Bariatric Rollator with 8""   ...",$107.69,4.5/5.0,https://www.walmart.com/ip/Karman-R-4700-Heavy-Duty-Bariatric-Rollator-with-8-Wheels-Padded-Seat-and-Backrest-Wire-Basket-Loop-Brakes-Blue/30296547,blank
32,Medline Platform Walker Attachment,$33.88,4.6/5.0,https://www.walmart.com/ip/Medline-Platform-Walker-Attachment/7983663,blank
33,Drive Medical Duet Dual Function Transport Wheelchai  ...,$143.19 - $161.49,0.0/5.0,https://www.walmart.com/ip/Drive-Medical-Duet-Dual-Function-Transport-Wheelchair-Rollator-Rolling-Walker/15423364,blank
34,"Medline Empower Multipurpose Deluxe Rollator Walker,  ...",$146.03,4.0/5.0,https://www.walmart.com/ip/Medline-Empower-Multipurpose-Deluxe-Rollator-Walker-Black/45582396,blank
35,Carex Walker Ski Glide,$6.48,4.1/5.0,https://www.walmart.com/ip/Carex-Walker-Ski-Glide/10318499,blank
36,North American Health + Wellness Walker Tray With No  ...,$21.99,3.5/5.0,https://www.walmart.com/ip/North-American-Health-Wellness-Walker-Tray-With-Non-Slip-Grip-Mat/47484959,blank
37,"Hugo Portable Rollator Rolling Walker with Seat, Bac  ...",$102.57,4.1/5.0,https://www.walmart.com/ip/Hugo-Portable-Rollator-Rolling-Walker-with-Seat-Backrest-and-8-Wheels-Blue/17772614,blank
38,Drive Medical Aluminum Rollator Rolling Walker with   ...,$71.39,4.6/5.0,https://www.walmart.com/ip/Drive-Medical-Aluminum-Rollator-Rolling-Walker-with-Fold-Up-and-Removable-Back-Support-and-Padded-Seat/15423380,blank
39,Drive Medical Nitro DLX Euro Style Rollator Rolling   ...,$240.08 - $279.95,4.0/5.0,https://www.walmart.com/ip/Drive-Medical-Nitro-DLX-Euro-Style-Rollator-Rolling-Walker/45080322,blank
40,Authorized Dealer - The UPWalker Walking Aid / Uprig  ...,$595.00,4.6/5.0,https://www.walmart.com/ip/Authorized-Dealer-The-UPWalker-Walking-Aid-Upright-Walker/723439908,blank
