#,Bath Safety,Price,Rating,Link,Top Review
1,Medline Bath Chair with Microban Antimicrobial Treat  ...,$35.26,4.3/5.0,https://www.walmart.com/ip/Medline-Bath-Chair-with-Microban-Antimicrobial-Treatment/25560962,blank
2,Drive Medical Premium Series Shower Chair with Back   ...,$36.99,4.7/5.0,https://www.walmart.com/ip/Drive-Medical-Premium-Series-Shower-Chair-with-Back-and-Arms/17351503,blank
3,Carex Universal Bath Seat and Shower Chair - Adjusta  ...,$33.49,4.9/5.0,https://www.walmart.com/ip/Carex-Universal-Bath-Seat-and-Shower-Chair-Adjustable-Height-Shower-Bench/10105192,blank
4,Ktaxon Bath Shower Chair Adjustable Medical 8 Height  ...,$25.92,4.5/5.0,https://www.walmart.com/ip/Ktaxon-Bath-Shower-Chair-Adjustable-Medical-8-Height-Bench-Bathtub-Stool-Seat-White/819205914,blank
5,"Drive Medical Bathtub Shower Grab Bar Safety Rail, P  ...",$35.03,5.0/5.0,https://www.walmart.com/ip/Drive-Medical-Bathtub-Shower-Grab-Bar-Safety-Rail-Parallel/34334659,blank
6,Medline Toilet Safety Frame Rails,$35.65,4.5/5.0,https://www.walmart.com/ip/Medline-Toilet-Safety-Frame-Rails/44629011,blank
7,"Equate Male Urinal, 32 Oz",$5.92,4.4/5.0,https://www.walmart.com/ip/Equate-Male-Urinal-32-Oz/14179134,blank
8,Drive Medical Bariatric Heavy Duty Bath Bench with B  ...,$46.06 - $57.99,4.5/5.0,https://www.walmart.com/ip/Drive-Medical-Bariatric-Heavy-Duty-Bath-Bench-with-Backrest/17284712,blank
9,Medline Bariatric Bath Bench Without Back,$49.49,4.5/5.0,https://www.walmart.com/ip/Medline-Bariatric-Bath-Bench-Without-Back/41157336,blank
10,Drive Medical Plastic Tub Transfer Bench with Adjust  ...,$57.88,4.6/5.0,https://www.walmart.com/ip/Drive-Medical-Plastic-Tub-Transfer-Bench-with-Adjustable-Backrest/17284709,blank
11,"Carex Health Brands FGB32000 4"" Quick-Lock Raised To  ...",$15.77,4.2/5.0,https://www.walmart.com/ip/Carex-Health-Brands-FGB32000-4-Quick-Lock-Raised-Toilet-Seat/26774629,blank
12,"Safe-er-Grip 11.5"" Bath & Shower Safety Handle",$7.59,4.4/5.0,https://www.walmart.com/ip/Safe-er-Grip-11-5-Bath-Shower-Safety-Handle/10848473,blank
13,Drive Medical Bathroom Safety Shower Tub Bench Chair  ...,$27.99 - $36.03,4.4/5.0,https://www.walmart.com/ip/Drive-Medical-Bathroom-Safety-Shower-Tub-Bench-Chair-Gray/17284703,blank
14,Medline Adjustable Toilet Safety Rails,$28.69,3.9/5.0,https://www.walmart.com/ip/Medline-Adjustable-Toilet-Safety-Rails/21782269,blank
15,"Medline Bath Chair with Back, Gray",$33.21,4.4/5.0,https://www.walmart.com/ip/Medline-Bath-Chair-with-Back-Gray/7983654,blank
16,"Medline Knurled Chrome Grab Bar, 18""",$12.33,4.5/5.0,https://www.walmart.com/ip/Medline-Knurled-Chrome-Grab-Bar-18/30495046,blank
17,Bath Safety Bar 6 inches,$21.95,5.0/5.0,https://www.walmart.com/ip/Bath-Safety-Bar-6-inches/40008016,blank
18,Equate Bath & Shower Seat with Back,$38.88,4.4/5.0,https://www.walmart.com/ip/Equate-Bath-Shower-Seat-with-Back/14179130,blank
19,Adjustable Molded Shower Bench with Arms & Back,$40.79 - $51.51,4.6/5.0,https://www.walmart.com/ip/Adjustable-Molded-Shower-Bench-with-Arms-Back/35306400,blank
20,Drive Medical Steel Folding Bedside Commode,$35.79,4.5/5.0,https://www.walmart.com/ip/Drive-Medical-Steel-Folding-Bedside-Commode/10728124,blank
21,"Franklin Brass 12"" - 16"" x 1.5"" Concealed Screw Grab  ...",$12.53 - $24.82,5.0/5.0,https://www.walmart.com/ip/Franklin-Brass-12-16-x-1-5-Concealed-Screw-Grab-Bar-Available-in-Multiple-Colors-and-Sizes/34965943,blank
22,"DMI Bedside Commode Chair for Adults, Drop Arm Baria  ...",$79.14,4.1/5.0,https://www.walmart.com/ip/DMI-Bedside-Commode-Chair-for-Adults-Drop-Arm-Bariatric-Potty-Chair-Extra-Wide-Adjustable-Toilet-Commode-Gray/36782358,blank
23,"Medline Steel Elongated 3-in-1 Bedside Commode, 400l  ...",$41.73,3.6/5.0,https://www.walmart.com/ip/Medline-Steel-Elongated-3-in-1-Bedside-Commode-400lb-Weight-Capacity/43840349,blank
24,"Equate Locking Raised Toilet Seat with Handles, Whit  ...",$39.53,4.5/5.0,https://www.walmart.com/ip/Equate-Locking-Raised-Toilet-Seat-with-Handles-White/14179132,blank
25,Medline Toilet Safety Frame Rails,$28.69,4.1/5.0,https://www.walmart.com/ip/Medline-Toilet-Safety-Frame-Rails/7983653,blank
26,Ktaxon Adjustable Medical Shower Chair Bathtub Bench  ...,$38.99,5.0/5.0,https://www.walmart.com/ip/Ktaxon-Adjustable-Medical-Shower-Chair-Bathtub-Bench-Bath-Seat-Stool-Armrest-Back-White/429558613,blank
27,Ktaxon 7 Height Adjustable Bath Chair Medical Shower  ...,$23.99,4.5/5.0,https://www.walmart.com/ip/Ktaxon-7-Height-Adjustable-Bath-Chair-Medical-Shower-Chair-Bathtub-Round-Stool-Sucker-Armrest/758612884,blank
28,Drive Medical Stand Alone Toilet Safety Rail,$33.99,4.5/5.0,https://www.walmart.com/ip/Drive-Medical-Stand-Alone-Toilet-Safety-Rail/16515130,blank
29,Medline Height Adjustable Transfer Bench with Backre  ...,$87.76,4.6/5.0,https://www.walmart.com/ip/Medline-Height-Adjustable-Transfer-Bench-with-Backrest-Tool-Free-Assembly/7983649,blank
30,Lightweight Molded Toilet Seat Riser (5 Inch Lift),$17.99,4.6/5.0,https://www.walmart.com/ip/Lightweight-Molded-Toilet-Seat-Riser-5-Inch-Lift/467034867,blank
31,Medline Steel 3-in-1 Bedside Toilet Commode,$43.93,4.3/5.0,https://www.walmart.com/ip/Medline-Steel-3-in-1-Bedside-Toilet-Commode/7983655,blank
32,Medline Tool-Free Bath Tub Support Bar,$27.24,4.8/5.0,https://www.walmart.com/ip/Medline-Tool-Free-Bath-Tub-Support-Bar/7983652,blank
33,Adjustable Toilet Safety Rails,$42.09,4.1/5.0,https://www.walmart.com/ip/Adjustable-Toilet-Safety-Rails/47395275,blank
34,CALHOME Adjustable Medical Shower Chair Bathtub Benc  ...,$44.70,4.8/5.0,https://www.walmart.com/ip/CALHOME-Adjustable-Medical-Shower-Chair-Bathtub-Bench-Bath-Seat-Stool-Armrest-Back-White/548167460,blank
35,"Safe-er-Grip 24"" Bath & Shower Safety Handle",$23.98,4.3/5.0,https://www.walmart.com/ip/Safe-er-Grip-24-Bath-Shower-Safety-Handle/16199932,blank
36,Bath and Shower Step Stool with Handle,$34.50,4.0/5.0,https://www.walmart.com/ip/Bath-and-Shower-Step-Stool-with-Handle/113241531,blank
37,"Carex Health Brands Carex  Commode, 1 ea",$51.99,3.8/5.0,https://www.walmart.com/ip/Carex-Health-Brands-Carex-Commode-1-ea/21128274,blank
38,Carex 32 oz Male Urinal,$6.82,4.3/5.0,https://www.walmart.com/ip/Carex-32-oz-Male-Urinal/4346737,blank
39,"HealthSmart Raised Toilet Seat Riser for Elderly, Po  ...",$29.09,4.2/5.0,https://www.walmart.com/ip/HealthSmart-Raised-Toilet-Seat-Riser-for-Elderly-Portable-Elevated-Handicap-Toilet-Seat-Cushion-for-Seniors-5-Inch-Height-White/21382870,blank
40,Able Life Comfortably Independent Universal Floor to  ...,$129.99,4.8/5.0,https://www.walmart.com/ip/Able-Life-Comfortably-Independent-Universal-Floor-to-Ceiling-Grab-Bar/39992218,blank
