#,Braces & Support,Price,Rating,Link,Top Review
1,"ACE Knee Brace with Dual Side Stabilizers, Adjustabl  ...",$14.94,4.2/5.0,https://www.walmart.com/ip/ACE-Knee-Brace-with-Dual-Side-Stabilizers-Adjustable-Black-Gray/19898440,blank
2,"ACE Brand Reversible Splint Wrist Brace, Adjustable,  ...",$10.30,4.5/5.0,https://www.walmart.com/ip/ACE-Brand-Reversible-Splint-Wrist-Brace-Adjustable-Gray-1-Pack/23598249,blank
3,"ThermaCare Advanced Back Pain Therapy (2 Count, S-M   ...",$5.94$2.97/each,4.6/5.0,https://www.walmart.com/ip/ThermaCare-Advanced-Back-Pain-Therapy-2-Count-S-M-Size-Heatwraps-16-Hours-Pain-Relief-Lower-Back-Hip-Use-Temporary-Relief-Muscular-Joint-Pains/13269725?wpa_bd=&wpa_pg_seller_id=F55CDC31AB754BB68FE0B39041159D63&wpa_ref_id=7d79bac4c00d20ec8927933f4916fe90&wpa_aux_info=__aux_info__&wpa_tag=&wpa_pos=3&wpa_plmt=__plmt__&wpa_aduid=__aduid__,blank
4,Mueller Adjustable Ankle Stabilizer,$11.89,3.9/5.0,https://www.walmart.com/ip/Mueller-Adjustable-Ankle-Stabilizer/10533462,blank
5,"MediPeds Compression Over the Calf, 2-Pack",$8.98,4.2/5.0,https://www.walmart.com/ip/MediPeds-Compression-Over-the-Calf-2-Pack/46629651?wpa_bd=&wpa_pg_seller_id=F55CDC31AB754BB68FE0B39041159D63&wpa_ref_id=5dd7cbafdc350593b8938b753593e124&wpa_aux_info=__aux_info__&wpa_tag=&wpa_pos=5&wpa_plmt=__plmt__&wpa_aduid=__aduid__,blank
6,CW-X Men's Stabilyx Knee Support,$39.95,5.0/5.0,https://www.walmart.com/ip/CW-X-Men-s-Stabilyx-Knee-Support/346337509,blank
7,CW-X Men's Stabilyx Calf Sleeve,$44.95,4.0/5.0,https://www.walmart.com/ip/CW-X-Men-s-Stabilyx-Calf-Sleeve/180735060,blank
8,"Mueller Sport Care Antimicrobial Thumb Stabilizer, M  ...",$10.00,4.5/5.0,https://www.walmart.com/ip/Mueller-Sport-Care-Antimicrobial-Thumb-Stabilizer-Maximum-Support-Level-One-Size/14237860,blank
9,"ACE Night Wrist Sleep Support, Moderate-Stabilizing,  ...",$18.68,4.8/5.0,https://www.walmart.com/ip/ACE-Night-Wrist-Sleep-Support-Moderate-Stabilizing-One-Size-Adjustable/19898458,blank
10,Mueller Lumbar Back Brace,$16.69,4.1/5.0,https://www.walmart.com/ip/Mueller-Lumbar-Back-Brace/10533468,blank
11,"Mueller Reversible Splint Wrist Brace, 1.0 CT",$9.84,4.1/5.0,https://www.walmart.com/ip/Mueller-Reversible-Splint-Wrist-Brace-1-0-CT/10533506,blank
12,"Copper Fit Back Support, size 28""-39""",$18.46,4.4/5.0,https://www.walmart.com/ip/Copper-Fit-Back-Support-size-28-39/51938211,blank
13,"Copper Hands Compression Gloves, S/M",$12.88 - $20.70,3.4/5.0,https://www.walmart.com/ip/Copper-Hands-Compression-Gloves-S-M/39263700,blank
14,"Copper Fit Compression Knee Sleeve, Large",$9.88,3.8/5.0,https://www.walmart.com/ip/Copper-Fit-Compression-Knee-Sleeve-Large/38573958,blank
15,"ACE Brand Elastic Bandage w/ clips, 3 in",$2.89,4.8/5.0,https://www.walmart.com/ip/ACE-Brand-Elastic-Bandage-w-clips-3-in/19898439,blank
16,"ACE Brand Wrist Support, Adjustable, Black, 1/Pack",$5.76,4.4/5.0,https://www.walmart.com/ip/ACE-Brand-Wrist-Support-Adjustable-Black-1-Pack/19898465,blank
17,"Copper Fit Back Support, size 39""-50""",$14.00,3.6/5.0,https://www.walmart.com/ip/Copper-Fit-Back-Support-size-39-50/43723172,blank
18,ACE Adjustable Hinged Knee Brace Allows Safe Motion   ...,$18.99,4.0/5.0,https://www.walmart.com/ip/ACE-Adjustable-Hinged-Knee-Brace-Allows-Safe-Motion-and-Strong-Lateral-Stabilization-and-Support-Black/47070932,blank
19,"Mueller Sport Care Compression & Support Glove, Mode  ...",$6.92,3.9/5.0,https://www.walmart.com/ip/Mueller-Sport-Care-Compression-Support-Glove-Moderate-Support-Size-S-M/14264842,blank
20,"ACE Plantar Fasciitis Sleep Support, One Size Adjust  ...",$20.69,3.7/5.0,https://www.walmart.com/ip/ACE-Plantar-Fasciitis-Sleep-Support-One-Size-Adjustable/19898460,blank
21,CW-X Women's Stabilyx Knee Support,$35.96 - $39.95,0.0/5.0,https://www.walmart.com/ip/CW-X-Women-s-Stabilyx-Knee-Support/742812738,blank
22,Exalt Paintball Alpha Elbow Pads - Grey,$29.95,0.0/5.0,https://www.walmart.com/ip/Exalt-Paintball-Alpha-Elbow-Pads-Grey/135737717,blank
23,"ACE Brand Compression Knee Support, Large / Extra La  ...",$4.60,4.2/5.0,https://www.walmart.com/ip/ACE-Brand-Compression-Knee-Support-Large-Extra-Large/47070927,blank
24,ACE Moderate-Stabilizing Support Adjustable Back Bra  ...,$14.37,4.5/5.0,https://www.walmart.com/ip/ACE-Moderate-Stabilizing-Support-Adjustable-Back-Brace-Black-Gray/23598250,blank
25,"ACE Knee Support, One Size Adjustable",$11.60,4.5/5.0,https://www.walmart.com/ip/ACE-Knee-Support-One-Size-Adjustable/24705305,blank
26,Wellgateâ„¢ PerfectFit Wrist Support for Women Right H  ...,$10.99,4.5/5.0,https://www.walmart.com/ip/Wellgate-PerfectFit-Wrist-Support-for-Women-Right-Hand-1-ct-Box/10533005,blank
27,"Copper Fit Compression Knee Sleeve, X-Large",$9.88,3.1/5.0,https://www.walmart.com/ip/Copper-Fit-Compression-Knee-Sleeve-X-Large/38573956,blank
28,"ACE Brand Elastic Bandage w/ clips, 6 in",$7.47,4.8/5.0,https://www.walmart.com/ip/ACE-Brand-Elastic-Bandage-w-clips-6-in/19898437,blank
29,KT Tape Original Kinesiology Therapeutic Precut Tape  ...,$9.97,4.7/5.0,https://www.walmart.com/ip/KT-Tape-Original-Kinesiology-Therapeutic-Precut-Tape-Strips-Blue/41113778,blank
30,Lightweight  Right Shoulder Support Brace for Rotato  ...,$8.99,0.0/5.0,https://www.walmart.com/ip/Lightweight-Right-Shoulder-Support-Brace-Rotator-Cuff-Pain-Relief-Adjustable-Neoprene-Shoulder-Arm-Wrap-Alleviate-Dislocated-AC-Joint-Pain-Shoulder-C/109499041,blank
31,"Remedy Calf Compression Running Sleeve Socks, Availa  ...",$8.50,3.7/5.0,https://www.walmart.com/ip/Remedy-Calf-Compression-Running-Sleeve-Socks-Available-in-Multiple-Sizes-and-Colors/36932133,blank
32,Posture Correction and Back Pain Support Fully Adjus  ...,$9.99 - $10.99,0.0/5.0,https://www.walmart.com/ip/Posture-Correction-and-Back-Pain-Support-Fully-Adjustable-Back-Brace-Belt-Neoprene-EBP-Medical-Unisex-Black-Pick-a-size-XS-to-3XL/701326836,blank
33,Mueller Adjustable Back Brace,$18.95,4.0/5.0,https://www.walmart.com/ip/Mueller-Adjustable-Back-Brace/10533469,blank
34,"Mueller Knee Brace Adjustable Hinged, 1.0 CT",$18.94,4.0/5.0,https://www.walmart.com/ip/Mueller-Knee-Brace-Adjustable-Hinged-1-0-CT/10533465,blank
35,PharMeDoc Kinesiology Tape - Water Resistant Sports   ...,$7.95,4.8/5.0,https://www.walmart.com/ip/PharMeDoc-Kinesiology-Tape-Water-Resistant-Sports-Athletic-Tape-Waterproof-Physical-Therapy-Tape/166460846,blank
36,Mueller Wrist Stabilizer Small/Med,$13.03,4.8/5.0,https://www.walmart.com/ip/Mueller-Wrist-Stabilizer-Small-Med/10533511,blank
37,Mueller Maximum Support Level Self-Adjusting Knee St  ...,$14.88,3.8/5.0,https://www.walmart.com/ip/Mueller-Maximum-Support-Level-Self-Adjusting-Knee-Stabilizer/10533466,blank
38,Zipper Medical Compression Socks With Open Toe - Bes  ...,$14.95,5.0/5.0,https://www.walmart.com/ip/Zipper-Medical-Compression-Socks-With-Open-Toe-Best-Support-Zipper-Stocking-for-Varicose-Veins-Edema-Swollen-or-Sore-Legs-Size-L-Beige/788608324,blank
39,"Copper Fit Compression Elbow Sleeve, Medium",$8.75,4.0/5.0,https://www.walmart.com/ip/Copper-Fit-Compression-Elbow-Sleeve-Medium/51933662,blank
40,"Copper Fit Compression Knee Sleeve, Medium",$9.88,3.6/5.0,https://www.walmart.com/ip/Copper-Fit-Compression-Knee-Sleeve-Medium/38573957,blank
