#,Health Monitors,Price,Rating,Link,Top Review
1,Omron Bp742n 5 Series Advanced-accuracy Upper Arm Bl  ...,$39.99,4.5/5.0,https://www.walmart.com/ip/Omron-Bp742n-5-Series-Advanced-accuracy-Upper-Arm-Blood-Pressure-Monitor/38335908,blank
2,Omron Bp710n 3 Series Advanced-accuracy Upper Arm Bl  ...,$29.99,4.4/5.0,https://www.walmart.com/ip/Omron-Bp710n-3-Series-Advanced-accuracy-Upper-Arm-Blood-Pressure-Monitor/38335909,blank
3,Garmin Forerunner 35 GPS Running Watch,$169.99,4.3/5.0,https://www.walmart.com/ip/Garmin-Forerunner-35-GPS-Running-Watch/54319418?wpa_bd=&wpa_pg_seller_id=F55CDC31AB754BB68FE0B39041159D63&wpa_ref_id=d241e9880fd793d1a04eab2dda717555&wpa_aux_info=__aux_info__&wpa_tag=&wpa_pos=3&wpa_plmt=__plmt__&wpa_aduid=__aduid__,blank
4,OLED Finger tip Pulse Oximeter Blood Oxygen Monitor   ...,$11.99,4.6/5.0,https://www.walmart.com/ip/OLED-Finger-tip-Pulse-Oximeter-Blood-Oxygen-Monitor-CONTEC-CMS50NA/832879811,blank
5,Omron Bp785n 10 Series Advanced-accuracy Upper Arm B  ...,$59.99,4.5/5.0,https://www.walmart.com/ip/Omron-Bp785n-10-Series-Advanced-accuracy-Upper-Arm-Blood-Pressure-Monitor/38335906,blank
6,Omron BP629N 3 Series Wrist Blood Pressure Monitor,$36.88,4.5/5.0,https://www.walmart.com/ip/Omron-BP629N-3-Series-Wrist-Blood-Pressure-Monitor/15715320,blank
7,LED Finter Pulse Oximeter Oxygen saturation machine   ...,$10.99,1.0/5.0,https://www.walmart.com/ip/LED-Finter-Pulse-Oximeter-Oxygen-saturation-machine-pulse-oximetry-SPO2-Monitor/578671433,blank
8,Blood Pressure Monitor 7 Seriesâ„¢ Automatic One Size   ...,$47.49,4.3/5.0,https://www.walmart.com/ip/Blood-Pressure-Monitor-7-Series-Automatic-One-Size-Fits-Most-Wrist/15702123,blank
9,Omron 10 Series Upper Arm Blood Pressure Monitor wit  ...,$64.99,4.1/5.0,https://www.walmart.com/ip/Omron-10-Series-Upper-Arm-Blood-Pressure-Monitor-with-Bluetooth-Smart-BP786/38335911,blank
10,EHM Full Automatic LCD Digital Upper Arm Blood Press  ...,$23.48,4.3/5.0,https://www.walmart.com/ip/EHM-Full-Automatic-LCD-Digital-Upper-Arm-Blood-Pressure-Monitor-with-Arm-Cuff/132572295,blank
11,CONTEC08A Blood Pressure Monitor with PC Analysis So  ...,$60.99,5.0/5.0,https://www.walmart.com/ip/CONTEC08A-Blood-Pressure-Monitor-with-PC-Analysis-Software-Infant-Child-Adult-Cuffs/137430769,blank
12,Omron 7 series Wrist Blood Pressure Monitor,$56.99,4.6/5.0,https://www.walmart.com/ip/Omron-7-series-Wrist-Blood-Pressure-Monitor/46717863,blank
13,As Seen on TV Blood Pressure Monitor by Color Doctor,$39.95,3.8/5.0,https://www.walmart.com/ip/As-Seen-on-TV-Blood-Pressure-Monitor-by-Color-Doctor/171086340,blank
14,FaceLake FL-400 Fingertip Pulse Oximeter Pink,$13.50,4.7/5.0,https://www.walmart.com/ip/FaceLake-FL-400-Fingertip-Pulse-Oximeter-Pink/180280696,blank
15,ReliOn BP200 Upper Arm Blood Pressure Monitor,$39.88,4.3/5.0,https://www.walmart.com/ip/ReliOn-BP200-Upper-Arm-Blood-Pressure-Monitor/5161742,blank
16,Innovo Deluxe Fingertip Pulse Oximeter with Plethysm  ...,$26.99,4.9/5.0,https://www.walmart.com/ip/Innovo-Deluxe-Fingertip-Pulse-Oximeter-with-Plethysmograph-and-Perfusion-Index/165943306,blank
17,Omron 7 Series Wireless Bluetooth Upper Arm Blood Pr  ...,$50.68,4.2/5.0,https://www.walmart.com/ip/Omron-7-Series-Wireless-Bluetooth-Upper-Arm-Blood-Pressure-Monitor-with-Two-User-Mode/38335910,blank
18,Wrist Blood Pressure Cuff Wrist Monitor Automatic Di  ...,$14.99,2.5/5.0,https://www.walmart.com/ip/Wrist-Blood-Pressure-Cuff-Wrist-Monitor-Automatic-Di-gital-Sphygmomanometer-BP-Machine-Measures-Pulse-Diastolic-Systolic-High-Accurate-Meter-Best-Rea/684491260,blank
19,Zacurate 500BL Fingertip Pulse Oximeter Blood Oxygen  ...,$13.50,4.6/5.0,https://www.walmart.com/ip/Zacurate-500BL-Fingertip-Pulse-Oximeter-Blood-Oxygen-Saturation-Monitor-with-batteries-and-lanyard-included-Chromatic-Blue/757187983,blank
20,"Panasonic Portable Upper Arm Blood Pressure Monitor,  ...",$55.96,4.6/5.0,https://www.walmart.com/ip/Panasonic-Portable-Upper-Arm-Blood-Pressure-Monitor-Gray-EW3109W/8007141,blank
21,ID115 Smart Watch Bluetooth Heart Rate Wristband Sma  ...,$12.99 - $17.99,2.2/5.0,https://www.walmart.com/ip/ID115-Smart-Watch-Bluetooth-Heart-Rate-Wristband-Smart-Bracelet-Best-Fitness-Tracker-Sleep-Monitor-Passometer-Band-Alarm-Clock-Calories-Counter/367602640,blank
22,Omron EVOLV Upper Arm Blood Pressure Monitor (BP 700  ...,$69.99,4.4/5.0,https://www.walmart.com/ip/Omron-EVOLV-Upper-Arm-Blood-Pressure-Monitor-BP-7000/326384298,blank
23,"3M Littmann Cardiology IV Stethoscope, Available in   ...",$166.56 - $191.38,2.7/5.0,https://www.walmart.com/ip/3M-Littmann-Cardiology-IV-Stethoscope-Available-in-Multiple-Colors/112383005,blank
24,ChoiceMMed Pulse Oximeter,$34.99,4.6/5.0,https://www.walmart.com/ip/ChoiceMMed-Pulse-Oximeter/17325061,blank
25,"ReliOn Wrist Blood Pressure Monitor, BP200W",$29.88,2.5/5.0,https://www.walmart.com/ip/ReliOn-Wrist-Blood-Pressure-Monitor-BP200W/31956247,blank
26,LED Finter tip Pulse Oximeter Blood Oxygen Monitor B  ...,$14.39,3.0/5.0,https://www.walmart.com/ip/LED-Finter-tip-Pulse-Oximeter-Blood-Oxygen-Monitor-BLACK-CONTEC/450044674,blank
27,Apple Watch Series 1 - 38mm - Sport Band - Aluminum   ...,$179.00 - $279.00,4.8/5.0,https://www.walmart.com/ip/Apple-Watch-Series-1-38mm-Sport-Band-Aluminum-Case/54594239,blank
28,Everlast TR10 Blood Pressure and Heart Rate Monitor   ...,$29.99 - $42.94,3.8/5.0,https://www.walmart.com/ip/Everlast-TR10-Blood-Pressure-and-Heart-Rate-Monitor-Activity-Tracker-Includes-Caller-ID-and-Message-Previews/157143777,blank
29,Omron HBF-306C Body Fat Loss Monitor - Black,$35.31,4.5/5.0,https://www.walmart.com/ip/Omron-HBF-306C-Body-Fat-Loss-Monitor-Black/3342463,blank
30,Polar H10 Heart Rate Sensor M-XXL,$72.58,4.9/5.0,https://www.walmart.com/ip/Polar-H10-Heart-Rate-Sensor-M-XXL/210352504,blank
31,Garmin Forerunner 35 GPS Running Watch,$169.99,4.3/5.0,https://www.walmart.com/ip/Garmin-Forerunner-35-GPS-Running-Watch/54319410,blank
32,"Apple Watch Sport 42mm, Refurbished",$174.98,4.3/5.0,https://www.walmart.com/ip/Apple-Watch-Sport-42mm-Refurbished/55009798,blank
33,Zacurate Pro Series Deluxe 500D Fingertip Pulse Oxim  ...,$22.95,5.0/5.0,https://www.walmart.com/ip/Zacurate-Pro-Series-Deluxe-500D-Fingertip-Pulse-Oximeter-Blood-Oxygen-Saturation-Monitor-Plethysmograph-Feature-Silicon-Cover-Lanyard-Batteries-Mysti/55456583,blank
34,Zacurate Pediatric Animal Theme Fingertip Pulse Oxim  ...,$29.95,5.0/5.0,https://www.walmart.com/ip/Zacurate-Pediatric-Animal-Theme-Fingertip-Pulse-Oximeter-Polar-Bear/54043446,blank
35,"IMAGE IP67 Waterproof Fitness Tracker, Smart Watch H  ...",$25.88 - $27.02,4.0/5.0,https://www.walmart.com/ip/IMAGE-IP67-Waterproof-Fitness-Tracker-Smart-Watch-Heart-Rate-Monitor-for-Android-iPhone/888301527,blank
36,ReliOn BP300 Upper Arm Blood Presure Monitor With Bl  ...,$45.00,4.2/5.0,https://www.walmart.com/ip/ReliOn-BP300-Upper-Arm-Blood-Presure-Monitor-With-Bluetooth-Wireless-Connectivity/24309895,blank
37,ReliOn Deluxe Pulse Oximeter,$35.00,2.6/5.0,https://www.walmart.com/ip/ReliOn-Deluxe-Pulse-Oximeter/39945210,blank
38,Advocate Upper Arm Blood Pressure Monitor Size Extra  ...,$29.57,3.0/5.0,https://www.walmart.com/ip/Advocate-Upper-Arm-Blood-Pressure-Monitor-Size-Extra-Large/122307524,blank
39,ReliOn BP300 Upper Arm Blood Pressure Monitor,$43.84,2.4/5.0,https://www.walmart.com/ip/ReliOn-BP300-Upper-Arm-Blood-Pressure-Monitor/34745159,blank
40,"Omron Pedometer, 1.0 CT",$17.99,4.0/5.0,https://www.walmart.com/ip/Omron-Pedometer-1-0-CT/21000060,blank
