#,Mobility Equipment Accessories,Price,Rating,Link,Top Review
1,Carex Walker Ski Glide,$6.48,4.5/5.0,https://www.walmart.com/ip/Carex-Walker-Ski-Glide/10318499,blank
2,"Drive Medical Universal Walker Wheels, 1 Pair",$10.89 - $13.50,4.8/5.0,https://www.walmart.com/ip/Drive-Medical-Universal-Walker-Wheels-1-Pair/17284816,blank
3,HOMCOM 10â€™ Portable Textured Aluminum Folding Wheelc  ...,$265.99,4.4/5.0,https://www.walmart.com/ip/HOMCOM-10-Portable-Textured-Aluminum-Folding-Wheelchair-Threshold-Ramp/143548345?wpa_bd=&wpa_pg_seller_id=6DDDB1C7DB76491AA6DC17F8C33B4DF1&wpa_ref_id=f28a71935d0c8ff5a82a73acccc8729b&wpa_aux_info=__aux_info__&wpa_tag=&wpa_pos=3&wpa_plmt=__plmt__&wpa_aduid=__aduid__,blank
4,Costway Portable Aluminum Non-skid 8' Multifold Whee  ...,$229.99,0.0/5.0,https://www.walmart.com/ip/Costway-Portable-Aluminum-Non-skid-8-Multifold-Wheelchair-Ramp-Mobility-Scooter-Carrier/558582527,blank
5,Costway Portable Aluminum Non-skid 5' L Wheelchair R  ...,$145.99,0.0/5.0,https://www.walmart.com/ip/Costway-Portable-Aluminum-Non-skid-5-L-Wheelchair-Ramp-Mobility-Scooter-Carrier/415827713?wpa_bd=&wpa_pg_seller_id=E6EA4CDBA9CB4F54BB3775F6F818B84A&wpa_ref_id=eeaf4292d0c06f1588c5dbc485c3a1cf&wpa_aux_info=__aux_info__&wpa_tag=&wpa_pos=5&wpa_plmt=__plmt__&wpa_aduid=__aduid__,blank
6,Drive Medical Walker Wheels with Two Sets of Rear Gl  ...,$19.00,4.5/5.0,https://www.walmart.com/ip/Drive-Medical-Walker-Wheels-with-Two-Sets-of-Rear-Glides-for-Use-with-Universal-Walker-5-Gray-1-Pair/14934347,blank
7,"Equate Walker Tennis Balls, 2 Ct",$13.19,4.7/5.0,https://www.walmart.com/ip/Equate-Walker-Tennis-Balls-2-Ct/14179100,blank
8,Guardian Walker Glide Caps - G07904,$6.80,5.0/5.0,https://www.walmart.com/ip/Guardian-Walker-Glide-Caps-G07904/42066562,blank
9,"Adjustable Drink Cup Holder for Wheelchairs, Walkers  ...",$14.99,4.7/5.0,https://www.walmart.com/ip/Adjustable-Drink-Cup-Holder-for-Wheelchairs-Walkers-Rollators-and-Bikes/132237672,blank
10,"RMS Precut Walker balls, Walker Glides or Walker Gli  ...",$10.00,0.0/5.0,https://www.walmart.com/ip/RMS-Precut-Walker-balls-Walker-Glides-or-Walker-Glide-balls-Walker-Skis-6-Color-Choices-2-Pair-or-Pack-of-4/577964377,blank
11,"DMI Wheelchair Cushion for Pressure Sore Relief, Sea  ...",$28.93,3.3/5.0,https://www.walmart.com/ip/DMI-Wheelchair-Cushion-for-Pressure-Sore-Relief-Seat-Cushion-for-Wheelchair-Comfort-Pillow-Cushion-for-Seniors-and-Elderly-Plaid/36782225,blank
12,"Carex Walker Auto Glides, 2 Ct",$7.98,4.3/5.0,https://www.walmart.com/ip/Carex-Walker-Auto-Glides-2-Ct/28933659,blank
13,6' ft Aluminum Multifold Wheelchair Scooter Mobility  ...,$206.95,4.0/5.0,https://www.walmart.com/ip/6-ft-Aluminum-Multifold-Wheelchair-Scooter-Mobility-Ramp-portable-72-MF6/115017434,blank
14,Medline Walker Basket Accessory,$19.25,4.0/5.0,https://www.walmart.com/ip/Medline-Walker-Basket-Accessory/7983662,blank
15,Able Life Universal Stand Assist,$79.00,4.7/5.0,https://www.walmart.com/ip/Able-Life-Universal-Stand-Assist/39992212,blank
16,Stander Walker Replacement Glides- Set of 2,$9.99,4.7/5.0,https://www.walmart.com/ip/Stander-Walker-Replacement-Glides-Set-of-2/44374598,blank
17,"PCP Wire Basket For Dual Release Walker, White,",$18.99,0.0/5.0,https://www.walmart.com/ip/PCP-Wire-Basket-For-Dual-Release-Walker-White/529094087,blank
18,"RMS Precut Walker balls, Walker Glides or Walker Gli  ...",$6.99,1.0/5.0,https://www.walmart.com/ip/RMS-Precut-Walker-balls-Walker-Glides-or-Walker-Glide-balls-Walker-Skis-Pack-of-2-6-Color-Choices/833252788,blank
19,"1"" Wheelchair and Scooter Doorway Threshold Ramp",$36.99,0.0/5.0,https://www.walmart.com/ip/1-Wheelchair-and-Scooter-Doorway-Threshold-Ramp/29407108,blank
20,"DMI Telescoping Wheelchair Ramp for Home, Portable a  ...",$126.43,4.0/5.0,https://www.walmart.com/ip/DMI-Telescoping-Wheelchair-Ramp-Home-Portable-Lightweight-Wheelchair-Ramp-Handicap-Retractable-Wheelchair-Ramps-Steps-Adjustable-3-5/7079363,blank
21,Stander Walker 2-Pocket Organizer Pouch,$15.00,4.8/5.0,https://www.walmart.com/ip/Stander-Walker-2-Pocket-Organizer-Pouch/44374597,blank
22,"Equate Transport Wheelchair, Black",$148.00,4.6/5.0,https://www.walmart.com/ip/Equate-Transport-Wheelchair-Black/14179108,blank
23,Orthopedic Seat Cushion for Office Chair & Car Seat   ...,$17.95,5.0/5.0,https://www.walmart.com/ip/Orthopedic-Seat-Cushion-for-Office-Chair-Car-Seat-Coccyx-Tailbone-Pillow-Helps-Relieve-Sciatica-Pain/988136145,blank
24,Premium Orthopedic Seat Cushion by Techege Comfort M  ...,$19.99,4.6/5.0,https://www.walmart.com/ip/Premium-Orthopedic-Seat-Cushion-Techege-Comfort-Memory-Foam-Grade-Cooling-Coccyx-Tailbone-Wheelchair-Back-pain-Comfortable-Non-Slip-Chair-Seat-Cushion/453670863,blank
25,69'' Tri-Fold Aluminum Folding Loading Ramp for ATV   ...,$98.84,0.0/5.0,https://www.walmart.com/ip/69-Tri-Fold-Aluminum-Folding-Loading-Ramp-for-ATV-Motorcycle-Truck-Trailer-Lawnmower-1500lb-Capacity/476766816,blank
26,Mattress Wedge,$18.71 - $37.42,5.0/5.0,https://www.walmart.com/ip/Mattress-Wedge/48842221,blank
27,"Carex Folding Crutches for Youth, Adult and Tall Use  ...",$35.83,4.0/5.0,https://www.walmart.com/ip/Carex-Folding-Crutches-for-Youth-Adult-and-Tall-Users/33484288,blank
28,"Uplift Premium Power Seat Assist, 17""",$169.90,3.9/5.0,https://www.walmart.com/ip/Uplift-Premium-Power-Seat-Assist-17/21453288,blank
29,Drive Medical Side Style Hemi One Arm Walker,$37.84,4.7/5.0,https://www.walmart.com/ip/Drive-Medical-Side-Style-Hemi-One-Arm-Walker/15423449,blank
30,Stander Walker Replacement Wheels- Set of 2,$19.99,4.7/5.0,https://www.walmart.com/ip/Stander-Walker-Replacement-Wheels-Set-of-2/44374594,blank
31,Costway 10' ft Aluminum Folding Wheelchair Scooter M  ...,$239.99,5.0/5.0,https://www.walmart.com/ip/Costway-10-ft-Aluminum-Folding-Wheelchair-Scooter-Mobility-Ramp-Portable-Non-Slip/172437211,blank
32,Silver Spring Portable Mobility Wheelchair and Utili  ...,$79.99 - $224.99,5.0/5.0,https://www.walmart.com/ip/Silver-Spring-Portable-Mobility-Wheelchair-and-Utility-Walk-Ramp/29389696,blank
33,Mabis Healthcare Foot Stool with Handle,$29.85,4.7/5.0,https://www.walmart.com/ip/Mabis-Healthcare-Foot-Stool-with-Handle/10161108,blank
34,"Drive Medical Seat Lift Chair Overbed Table, Left Si  ...",$158.65,4.6/5.0,https://www.walmart.com/ip/Drive-Medical-Seat-Lift-Chair-Overbed-Table-Left-Side-Table/23438442,blank
35,Premium Memory Foam Seat Cushion Pain Relief for Coc  ...,$16.99,5.0/5.0,https://www.walmart.com/ip/Premium-Memory-Foam-Seat-Cushion-Pain-Relief-Coccyx-Tailbone-Hemorrhoids-Sciatica-Sacrum-Perfect-Fit-Wheelchair-Cushion-Pad-Pillow-Handle-Orange/784827415,blank
36,"Carex Upeasy Seat Assist Lifting Seat, Plus Size",$87.87,3.8/5.0,https://www.walmart.com/ip/Carex-Upeasy-Seat-Assist-Lifting-Seat-Plus-Size/25490688,blank
37,Stander Lever Extender - Oversized Handle for Easy C  ...,$19.00,4.6/5.0,https://www.walmart.com/ip/Stander-Lever-Extender-Oversized-Handle-for-Easy-Chair-Recliner-Handles/39798110,blank
38,Drive Medical Folding Lightweight Cane Seat,$22.65 - $23.86,3.9/5.0,https://www.walmart.com/ip/Drive-Medical-Folding-Lightweight-Cane-Seat/17284679,blank
39,Roscoe Medical Universal Knee Scooter Pad Cover,$10.53,4.1/5.0,https://www.walmart.com/ip/Roscoe-Medical-Universal-Knee-Scooter-Pad-Cover/46396718,blank
40,"Equate Coccyx Foam Cushion, Black",$19.95,4.8/5.0,https://www.walmart.com/ip/Equate-Coccyx-Foam-Cushion-Black/752434963,blank
