#,Mobility Scooters,Price,Rating,Link,Top Review
1,"Drive Medical Scout Compact Travel Power Scooter, 4   ...",$699.00,4.3/5.0,https://www.walmart.com/ip/Drive-Medical-Scout-Compact-Travel-Power-Scooter-4-Wheel/33651307,blank
2,Drive Medical Bobcat X4 Compact Transportable Power   ...,$599.00,4.0/5.0,https://www.walmart.com/ip/Drive-Medical-Bobcat-X4-Compact-Transportable-Power-Mobility-Scooter-4-Wheel-Red/38445522,blank
3,"Drive Medical Scout Compact Travel Power Scooter, 3   ...",$679.00 - $779.00,4.7/5.0,https://www.walmart.com/ip/Drive-Medical-Scout-Compact-Travel-Power-Scooter-3-Wheel/33651302,blank
4,Roscoe Medical Knee Walker Scooter with Basket and P  ...,$154.99 - $189.53,4.1/5.0,https://www.walmart.com/ip/Roscoe-Medical-Knee-Walker-Scooter-with-Basket-and-Padded-Seat-Black/30329307,blank
5,Drive Medical Bobcat X3 Compact Transportable Power   ...,$579.00,3.9/5.0,https://www.walmart.com/ip/Drive-Medical-Bobcat-X3-Compact-Transportable-Power-Mobility-Scooter-3-Wheel-Red/38445318,blank
6,EV Rider MiniRider MiniRider 4 Wheel Travel Scooter,"$1,249.00",0.0/5.0,https://www.walmart.com/ip/EV-Rider-MiniRider-MiniRider-4-Wheel-Travel-Scooter/112314070,blank
7,Drive Medical ZooMe Three Wheel Recreational Power S  ...,$673.84,4.0/5.0,https://www.walmart.com/ip/Drive-Medical-ZooMe-Three-Wheel-Recreational-Power-Scooter/55149344,blank
8,Drive Medical Spitfire DST 4-Wheel Travel Scooter,"$1,249.00",3.8/5.0,https://www.walmart.com/ip/Drive-Medical-Spitfire-DST-4-Wheel-Travel-Scooter/652023602,blank
9,Silver Spring SC400-V2 Hitch Power Scooter Wheelchai  ...,$199.99,4.6/5.0,https://www.walmart.com/ip/Silver-Spring-SC400-V2-Hitch-Power-Scooter-Wheelchair-Carrier-Rack/29389754,blank
10,"Pride VICTORY SPORT SC710, 4-wheel Mobility Scooter,  ...","$1,929.00",0.0/5.0,https://www.walmart.com/ip/Pride-VICTORY-SPORT-SC710-4-wheel-Mobility-Scooter-Blue/287941015,blank
11,Drive Medical Spitfire EX2 4-Wheel Travel Scooter,"$999.00 - $1,049.00",0.0/5.0,https://www.walmart.com/ip/Drive-Medical-Spitfire-EX2-4-Wheel-Travel-Scooter/398014928,blank
12,Drive Medical Scooter Basket,$74.32,3.4/5.0,https://www.walmart.com/ip/Drive-Medical-Scooter-Basket/15423334,blank
13,E-Wheels - EW-66 - 2-Passenger Heavy Duty Scooter -   ...,"$3,249.00",5.0/5.0,https://www.walmart.com/ip/E-Wheels-EW-66-2-Passenger-Heavy-Duty-Scooter-3-Wheel-Red/45948507,blank
14,EV Rider Automatic FOLDING Scooter With Remote Lithi  ...,"$1,995.00",0.0/5.0,https://www.walmart.com/ip/EV-Rider-Automatic-FOLDING-Scooter-With-Remote-Lithium-Power-Mobility-SEA-FOAM-BLUE/836753708,blank
15,"Drive Medical Phoenix Heavy Duty Power Scooter, 4 Wh  ...","$1,199.00 - $1,328.74",4.4/5.0,https://www.walmart.com/ip/Drive-Medical-Phoenix-Heavy-Duty-Power-Scooter-4-Wheel/33651321,blank
16,"Drive Medical Phoenix Heavy Duty Power Scooter, 3 Wh  ...","$1,149.00 - $1,249.00",5.0/5.0,https://www.walmart.com/ip/Drive-Medical-Phoenix-Heavy-Duty-Power-Scooter-3-Wheel/33651316,blank
17,4 Wheel Heavy Duty 500lbs. Wt. Capacity Scooter with  ...,"$2,999.00",5.0/5.0,https://www.walmart.com/ip/4-Wheel-Heavy-Duty-500lbs-Wt-Capacity-Scooter-with-Electromagnetic-Brakes-Red-EWHEELS/45010939,blank
18,"Drive Medical Ventura Power Mobility Scooter, 4 Whee  ...","$1,699.00 - $1,924.00",5.0/5.0,https://www.walmart.com/ip/Drive-Medical-Ventura-Power-Mobility-Scooter-4-Wheel/33651314,blank
19,Premium Steerable Leg Scooter for Broken Leg/ Foot a  ...,$109.99,0.0/5.0,https://www.walmart.com/ip/Premium-Steerable-Leg-Scooter-for-Broken-Leg-Foot-and-Kneeling-Crutch-Replacement-Knee-Walker-Made-of-Superior-Steel/304430585,blank
20,Drive Medical Scout 4 Mobility Scooter (20AH/15 mile  ...,$809.00,0.0/5.0,https://www.walmart.com/ip/Drive-Medical-Scout-4-Mobility-Scooter-20AH-15-mile-range-battery-Including-Vidacura-s-Extended-5-Year-Warranty/374073151,blank
21,Best Choice Products Mobility Carrier Wheelchair Ele  ...,$149.99,4.2/5.0,https://www.walmart.com/ip/Best-Choice-Products-Mobility-Carrier-Wheelchair-Electric-Scooter-Rack-Hitch-Disability-Medical-Ramp/38023636,blank
22,Drive Medical Maverick Executive Three Wheel Power S  ...,"$4,059.98",5.0/5.0,https://www.walmart.com/ip/Drive-Medical-Maverick-Executive-Three-Wheel-Power-Scooter/43224560,blank
23,Drive Medical Power Chair or Scooter Captain Seat Co  ...,$54.38,0.0/5.0,https://www.walmart.com/ip/Drive-Medical-Power-Chair-or-Scooter-Captain-Seat-Cover-18/38450505,blank
24,E-Wheels EW-18 400W Adult Sit/Stand Electric Mobilit  ...,$759.00,0.0/5.0,https://www.walmart.com/ip/E-Wheels-EW-18-400W-Adult-Sit-Stand-Electric-Mobility-Scooter-Red/45047239,blank
25,Zip'r Roo 4-Wheel Travel Mobility Scooter,$744.00,0.0/5.0,https://www.walmart.com/ip/Zip-r-Roo-4-Wheel-Travel-Mobility-Scooter/116601460,blank
26,Pride Mobility Go-Go Traveler Elite Plus 4-Wheel Pri  ...,"$1,399.00",0.0/5.0,https://www.walmart.com/ip/Pride-Mobility-Go-Go-Traveler-Elite-Plus-4-Wheel-Pride-Mobility-Scooter-SC54-w-Free-Scooter-Bundle-2-Color-Panel-Sets/157355835,blank
27,"Medical Knee Scooter for Broken Foot by HEALTHLINE,   ...",$139.85,2.0/5.0,https://www.walmart.com/ip/Medical-Knee-Scooter-Broken-Foot-HEALTHLINE-Knee-Walker-Scooter-Handle-Brake-Basket-Crutch-Alternative-Steerable-Terrain-Knee-Scooter-Red/447206001,blank
28,"Drive Medical Ventura Power Mobility Scooter, 3 Whee  ...","$1,539.00 - $1,824.00",4.0/5.0,https://www.walmart.com/ip/Drive-Medical-Ventura-Power-Mobility-Scooter-3-Wheel-18-Folding-Seat/33651317,blank
29,Hitch Mounted Wheelchair Scooter Mobility Carrier Me  ...,$202.95,2.8/5.0,https://www.walmart.com/ip/Hitch-Mounted-Wheelchair-Scooter-Mobility-Carrier-Medical-Rack-Ramp-MC500-SC500/113309939,blank
30,Inspired by Drive Wenzelite Trotter Mobility Rehab S  ...,"$1,810.00",0.0/5.0,https://www.walmart.com/ip/Inspired-by-Drive-Wenzelite-Trotter-Mobility-Rehab-Stroller-16-Seat/17284982,blank
31,Everest and Jennings O2 Cylinder Holder Oxygen Carri  ...,$90.99,0.0/5.0,https://www.walmart.com/ip/Everest-and-Jennings-O2-Cylinder-Holder-Oxygen-Carrier/51539446,blank
32,Drive Medical Spitfire DST 3-Wheel Travel Scooter,"$1,149.00",0.0/5.0,https://www.walmart.com/ip/Drive-Medical-Spitfire-DST-3-Wheel-Travel-Scooter/966967918,blank
33,Four Wheel Balance Steerable Foldable Knee Walker Sc  ...,$131.03,0.0/5.0,https://www.walmart.com/ip/Four-Wheel-Balance-Steerable-Foldable-Knee-Walker-Scooter-Quadricycle-Black/994821521,blank
34,Drive Medical Panther 4-Wheel Heavy Duty Scooter,"$3,149.00",4.0/5.0,https://www.walmart.com/ip/Drive-Medical-Panther-4-Wheel-Heavy-Duty-Scooter/520939039,blank
35,Foldable Steerable Knee Walker Scooter with Brakes B  ...,$169.74,0.0/5.0,https://www.walmart.com/ip/Foldable-Steerable-Knee-Walker-Scooter-with-Brakes-Basket-Red/674958040,blank
36,Power Chairs and Electric Mobility Scooters,$12.60,0.0/5.0,https://www.walmart.com/ip/Power-Chairs-and-Electric-Mobility-Scooters/53034930,blank
37,The Three-Box Solution - Audiobook,$24.99,0.0/5.0,https://www.walmart.com/ip/The-Three-Box-Solution-Audiobook/433811851,blank
38,Call for Mobility,$45.03,0.0/5.0,https://www.walmart.com/ip/Call-for-Mobility/712012331,blank
39,Mobility,$119.99,0.0/5.0,https://www.walmart.com/ip/Mobility/56045007,blank
40,Scooter Accessory Kit-Size:Large,$102.19,0.0/5.0,https://www.walmart.com/ip/Scooter-Accessory-Kit-Size-Large/44914354,blank
