#,Walking Canes,Price,Rating,Link,Top Review
1,"Carex Offset Quad Cane Small Base, Black",$12.50,4.2/5.0,https://www.walmart.com/ip/Carex-Offset-Quad-Cane-Small-Base-Black/14255235,blank
2,"Carex Offset Adjustable Designer Walking Cane, Blue",$12.99,4.3/5.0,https://www.walmart.com/ip/Carex-Offset-Adjustable-Designer-Walking-Cane-Blue/9894415,blank
3,Yescom Portable Folding Walking Stick Seat Travel Ca  ...,$20.95 - $21.95,0.0/5.0,https://www.walmart.com/ip/Yescom-Portable-Folding-Walking-Stick-Seat-Travel-Cane-Adjustable-Height-Tripod-Hiking-Chair-Aluminium-Color-Opt/777761023?wpa_bd=&wpa_pg_seller_id=F746B1E5AC54495DBD321A325A96265E&wpa_ref_id=f00d17aa87f4b9b40fb8a37f1080ca7f&wpa_aux_info=__aux_info__&wpa_tag=&wpa_pos=3&wpa_plmt=__plmt__&wpa_aduid=__aduid__,blank
4,LivingPro All Terrain LED Folding Walking Cane- 6 Ul  ...,$20.95,5.0/5.0,https://www.walmart.com/ip/LivingPro-All-Terrain-LED-Folding-Walking-Cane-6-Ultra-Bright-Built-In-LEDs-Folds-in-Seconds-5-Adjustable-Height-Levels/689463532,blank
5,Medline Quad Cane Small Base Black,$11.49,4.3/5.0,https://www.walmart.com/ip/Medline-Quad-Cane-Small-Base-Black/9894033,blank
6,"Medline Bariatric Quad Cane, 500lbs Capacity",$20.34,4.8/5.0,https://www.walmart.com/ip/Medline-Bariatric-Quad-Cane-500lbs-Capacity/7983644,blank
7,"Hugo QuadPod Offset Cane with Ultra Stable Cane Tip,  ...",$26.95,4.6/5.0,https://www.walmart.com/ip/Hugo-QuadPod-Offset-Cane-with-Ultra-Stable-Cane-Tip-Aquamarine/17753865,blank
8,"Equate Comfort Grip Cane, Black",$13.74,3.5/5.0,https://www.walmart.com/ip/Equate-Comfort-Grip-Cane-Black/14179114,blank
9,"Equate Quad Cane Small Base, Black",$15.74,5.0/5.0,https://www.walmart.com/ip/Equate-Quad-Cane-Small-Base-Black/14179116,blank
10,Hugo Adjustable Quad Cane for Right or Left Hand Use  ...,$26.95,5.0/5.0,https://www.walmart.com/ip/Hugo-Adjustable-Quad-Cane-for-Right-or-Left-Hand-Use-Rose-Large-Base/15120048,blank
11,HurryCane HurryCane Freedom Edition Folding Cane wit  ...,$32.54 - $39.95,4.1/5.0,https://www.walmart.com/ip/HurryCane-HurryCane-Freedom-Edition-Folding-Cane-with-T-Handle/54055466,blank
12,"Carex Round Handle Walking Cane, 7/8"", Natural",$11.84,5.0/5.0,https://www.walmart.com/ip/Carex-Round-Handle-Walking-Cane-7-8-Natural/28932811,blank
13,Carex Derby Designer U.S. Flag Walking Cane,$15.99,4.8/5.0,https://www.walmart.com/ip/Carex-Derby-Designer-U-S-Flag-Walking-Cane/17215623,blank
14,Hickory Walking Stick,$16.94,0.0/5.0,https://www.walmart.com/ip/Hickory-Walking-Stick/36363722,blank
15,4 Feet Stand-Up Cane - Hurry Before They Are Gone -   ...,$29.77,5.0/5.0,https://www.walmart.com/ip/4-Feet-Stand-Up-Cane-Hurry-Before-They-Are-Gone-Adjustable-Foldable-With-LED-Light/534871024,blank
16,"Equate Self Standing Cane Tip, 7/8"" to 3/4""",$8.74,0.0/5.0,https://www.walmart.com/ip/Equate-Self-Standing-Cane-Tip-7-8-to-3-4/14179112,blank
17,"Equate Folding Cane, Black",$18.74,5.0/5.0,https://www.walmart.com/ip/Equate-Folding-Cane-Black/14179136,blank
18,Folding Multi-Angle Cane,$24.99,5.0/5.0,https://www.walmart.com/ip/Folding-Multi-Angle-Cane/197963769,blank
19,Topeakmart Walking Stick Aluminium Folding Adjustabl  ...,$8.39,4.7/5.0,https://www.walmart.com/ip/Topeakmart-Walking-Stick-Aluminium-Folding-Adjustable-Light-Weight-Support-Aid-Cane-Red/529029360,blank
20,"PCP Wood Cane With Round Handle, Mahogany, Large Gri  ...",$11.99 - $22.99,0.0/5.0,https://www.walmart.com/ip/PCP-Wood-Cane-With-Round-Handle-Mahogany-Large-Grip/908507350,blank
21,Super Big Foot Cane Tip in Black,$11.06,5.0/5.0,https://www.walmart.com/ip/Super-Big-Foot-Cane-Tip-in-Black/54423195,blank
22,Carex Small Base Offset Quad Cane,$39.18,0.0/5.0,https://www.walmart.com/ip/Carex-Small-Base-Offset-Quad-Cane/28932772,blank
23,Hand Carved Design Wood Walking Hiking Hike Stick Ca  ...,$19.29,0.0/5.0,https://www.walmart.com/ip/Hand-Carved-Design-Wood-Walking-Hiking-Hike-Stick-Cane-Staff-55-Length-55-By-USA/886849322,blank
24,"Carex Small Base Designer Quad Cane, Blue Satin",$19.35,4.5/5.0,https://www.walmart.com/ip/Carex-Small-Base-Designer-Quad-Cane-Blue-Satin/10716134,blank
25,"Carex Designer Soft Grip Derby Walking Cane, Blue",$15.03,4.5/5.0,https://www.walmart.com/ip/Carex-Designer-Soft-Grip-Derby-Walking-Cane-Blue/13447045,blank
26,"PCP Replacement Walker or Commode Tips, Black, 1-inc  ...",$4.99,0.0/5.0,https://www.walmart.com/ip/PCP-Replacement-Walker-or-Commode-Tips-Black-1-inch-Diameter/820759485,blank
27,"Carex Round Handle Walking Cane, Walnut",$13.23,5.0/5.0,https://www.walmart.com/ip/Carex-Round-Handle-Walking-Cane-Walnut/28933734,blank
28,"Hugo QuadPod Offset Cane with Ultra Stable Cane Tip,  ...",$26.95,4.2/5.0,https://www.walmart.com/ip/Hugo-QuadPod-Offset-Cane-with-Ultra-Stable-Cane-Tip-Ebony/17753854,blank
29,"Gentle Touch Offset Folding Cane, Danube Blue",$23.90,0.0/5.0,https://www.walmart.com/ip/Gentle-Touch-Offset-Folding-Cane-Danube-Blue/35316028,blank
30,"Carex Round Handle Walking Cane, Silver Mens",$15.75,5.0/5.0,https://www.walmart.com/ip/Carex-Round-Handle-Walking-Cane-Silver-Mens/33455783,blank
31,"Carex Ergo Offset Handle Walking Cane, Purple",$15.68,5.0/5.0,https://www.walmart.com/ip/Carex-Ergo-Offset-Handle-Walking-Cane-Purple/30414383,blank
32,"PCP Replacement Walker Tips (Pair), Grey, 1.25 Inch   ...",$4.99,0.0/5.0,https://www.walmart.com/ip/PCP-Replacement-Walker-Tips-Pair-Grey-1-25-Inch-Diameter/188574096,blank
33,Drive Medical Folding Lightweight Cane with Sling St  ...,$21.29,4.2/5.0,https://www.walmart.com/ip/Drive-Medical-Folding-Lightweight-Cane-with-Sling-Style-Seat/17351525,blank
34,DuraCare Premium Adjustable Folding Black Cane - Adj  ...,$9.57,3.0/5.0,https://www.walmart.com/ip/DuraCare-Premium-Adjustable-Folding-Black-Cane-Adjusts-from-33-37-inches/165899993,blank
35,Folding Collapsible Travel Hiking Walking Stick with  ...,$18.20 - $19.01,5.0/5.0,https://www.walmart.com/ip/Folding-Collapsible-Travel-Hiking-Walking-Stick-with-LED-Light-Cushion-Handle-Adjustable-Folding-Cane-for-Men-and-Women/904429195,blank
36,"PCP Folding Cane, Fritz Handle Grip, Lightweight Adj  ...",$18.99 - $19.99,0.0/5.0,https://www.walmart.com/ip/PCP-Folding-Cane-Fritz-Handle-Grip-Lightweight-Adjustable-Aluminum-Shaft-Compass-Rose-Pattern/911082051,blank
37,Carex Cane Tips 3/4 Inch 2 Count Each,$5.96,0.0/5.0,https://www.walmart.com/ip/Carex-Cane-Tips-3-4-Inch-2-Count-Each/707049542,blank
38,Coutureâ„¢ Offset Fashion Cane with Matching Standing   ...,$29.13 - $29.90,0.0/5.0,https://www.walmart.com/ip/Couture-Offset-Fashion-Cane-with-Matching-Standing-Super-Big-Foot-Tip-in-Swirl-Style/786297104,blank
39,Height Adjustable Designer Offset Handle Cane with F  ...,$18.97 - $22.23,0.0/5.0,https://www.walmart.com/ip/Height-Adjustable-Designer-Offset-Handle-Cane-with-Fashion-Pattern-and-Foam-Grip/35317709,blank
40,Classy Freemason Walking Stick Cane With Engraved Ma  ...,$22.00,0.0/5.0,https://www.walmart.com/ip/Classy-Freemason-Walking-Stick-Cane-With-Engraved-Masonic-Symbols-On-Handle/560101244,blank
